{
	"item.trident.thunder": {
        "replace": "true",
		"sounds": [{
				"name": "thunder",
				"volume": 0.6,
                "pitch": 2
			},
            {
				"name": "thunder",
				"volume": 0.6,
                "pitch": 1.7
			}
		],
		"subtitle": "subtitles.item.trident.thunder"
	},
	"entity.lightning_bolt.thunder": {
        "replace": "true",
		"sounds": [{
				"name": "thunder",
				"volume": 0.3
			},
            {
				"name": "thunder",
				"volume": 0.3,
                "pitch": 1.3
			},
            {
				"name": "thunder",
				"volume": 0.3,
                "pitch": 0.7
			}
		],
		"subtitle": "subtitles.entity.lightning_bolt.thunder"
	},
    "entity.lightning_bolt.impact": {
        "replace": "true",
        "sounds": [{
                "name": "asplode",
                "volume": 1.0
            },
            {
                "name": "asplode",
                "volume": 1.0,
                "pitch": 0.7
            },
            {
                "name": "asplode",
                "volume": 1.0,
                "pitch": 1.3
            }
    ],
    "subtitle": "subtitles.entity.lightning_bolt.impact"
  }
}